--prof (3), dep (2), course(4), sec(6), student(8). enrollment (20)
INSERT INTO Professors 
(prof_ssn,
 p_name, 
 st_address, 
 city, 
 zip_code,
 p_area_code,
 p_phone,
 sex,
 title,
 salary,
 degrees)
 VALUES 
 (489305815,
 "John Smith",
 "71 Lock Lane",
 "Los Angeles",
 "90057",
 "714",
 "3568787",
 "M",
 "Professor",
 120000,
 "Ph.D in Computer Science"),
 (613324920,
 "Sarah Gillard",
 "4781 Carmel Dr",
 "Fullerton",
 "92831",
 "612",
 "5659029",
 "F",
 "Professor",
 120000,
 "Ph.D in Mathematics"),
 (014788343,
 "Chris Luu",
 "71 Lock Lane",
 "Anaheim",
 "92802",
 "858",
 "9095702",
 "M",
 "Assistant Professor",
 800000,
 "MS in Computer Science");

INSERT INTO Departments
VALUES
(1,
 "Computer Science",
 "6576433011",
 "CS Building",
 "489305815"),
 (2,
 "Mathematics",
 "6574227898",
 "MH Building",
 "613324920"); 

INSERT INTO Courses
VALUES
(01110,
 "Intro to C++",
 "Foundations to C++",
 3,
 1),
 (01205,
 "Data Structures",
 "Data Structures Fundamentals",
 3,
 1),
 (01350,
 "Algorithm Engineering",
 "Algorithms",
 3,
 1),
 (01370,
 "Data Science",
 "Python Data Science",
 3,
 1),
 (02202,
 "Calculus II",
 "Calculus Vol 3",
 4,
 2),
 (02280,
 "Statistics",
 "OpenIntro Statistics",
 4,
 2);

INSERT INTO CoursePrereq
VALUES
(01205,
 01110),
 (01350,
 01205),
 (01350,
 02202),
 (01370,
 02280),
 (01370,
 01205),
 (02280,
 02202);

INSERT INTO Sections
VALUES
(01110, 
 1,
 "CS 402",
 25,
 "M W",
 '13:00',
 '14:15',
 014788343),
 (01205, 
 1,
 "CS 110",
 32,
 "Tu Th",
 '13:00',
 '14:15',
 489305815),
 (01205, 
 2,
 "CS 305",
 30,
 "M W",
 '09:00',
 '10:15',
 014788343),
 (01350, 
 1,
 "CS 208",
 28,
 "M W",
 '15:00',
 '16:15',
 489305815),
 (01370, 
 1,
 "CS 106",
 22,
 "M W",
 '17:30',
 '18:45',
 489305815);
